CleanedMainT,CleanedReplyT,Hausa2EngMainT,Hausa2EngReplyT
0,Jurgen Klopp ya lashe kyautar Fifa ta gwarzon koci a duniya,Abunda ya faru tun last week,Jurgen Klopp has won the Fifa World Coach of the Year award,It's been a while since last week
1,Jurgen Klopp ya lashe kyautar Fifa ta gwarzon koci a duniya,Ku sai yanzu ku ke sawa news,Jurgen Klopp has won the Fifa World Coach of the Year award,You are now wearing news
3,Æ³an bindiga sun kashe mutum da Æ™ona buhunan masara a Kaduna,Allah ya isa tsakaninmu da duk wanda yake da sa hannu wajen wayannan fitin tunu Allah yasaka mana.,Gunmen kill man and burn sacks of maize in Kaduna,May Allah reach between us and all those who are involved in this remembrance of Allah.
4,Æ³an bindiga sun kashe mutum da Æ™ona buhunan masara a Kaduna,Innalillahi wa innailaihi rajiun. Wannan kasar tamu tazama abinda tazama . Allah ubangiji ya kara kiyaye mu,Gunmen kill man and burn sacks of maize in Kaduna,Innalillahi wa innailaihi rajiun. This country is not what it used to be. May God keep us safe
5,Æ³an bindiga sun kashe mutum da Æ™ona buhunan masara a Kaduna,Subhnallah,Gunmen kill man and burn sacks of maize in Kaduna,Subhnallah
6,Æ³an bindiga sun kashe mutum da Æ™ona buhunan masara a Kaduna,Ya ne wai ko so ake mukoma Niger ne,Gunmen kill man and burn sacks of maize in Kaduna,He said he wanted to return to Niger
8,Æ³an bindiga sun kashe mutum da Æ™ona buhunan masara a Kaduna,Innalillahi wa'inna ilaihi raji'un. Allah ya kawo mana karshen wannan balla'i yanzu baryi suna kona abincâ€¦,Gunmen kill man and burn sacks of maize in Kaduna,Innalillahi wa'inna ilaihi raji'un. God has brought an end to this tragedy.
9,Æ³an bindiga sun kashe mutum da Æ™ona buhunan masara a Kaduna,Allah yakawomana karshansu,Gunmen kill man and burn sacks of maize in Kaduna,God has brought them to an end
10,Æ³an bindiga sun kashe mutum da Æ™ona buhunan masara a Kaduna,Innalillahi wa'inna ilaihi raju'un Duniya zancen banza. Allah ka zaunar da Kasarnan Lafiya.,Gunmen kill man and burn sacks of maize in Kaduna,Innallillahi wa'inna ilaihi raju'un The world is nonsense. God bless you.
11,Æ³an bindiga sun kashe mutum da Æ™ona buhunan masara a Kaduna,Allah ya saka masu,Gunmen kill man and burn sacks of maize in Kaduna,God rewarded them
12,Æ³an bindiga sun kashe mutum da Æ™ona buhunan masara a Kaduna,Nigeria allah kamana jagora,Gunmen kill man and burn sacks of maize in Kaduna,Nigeria god is like a leader
13,Æ³an bindiga sun kashe mutum da Æ™ona buhunan masara a Kaduna,Gaskiya wannan rainin hankalin ya fara yawa. Wato duk wani abu da aka ga arewa tana samun tagomashi ta daâ€¦,Gunmen kill man and burn sacks of maize in Kaduna,"In fact, this contempt has begun to increase. That is to say, everything that is seen in the north is favored byâ€¦"
14,Æ³an bindiga sun kashe mutum da Æ™ona buhunan masara a Kaduna,Kaji Bakin ciki Allah ya isa,Gunmen kill man and burn sacks of maize in Kaduna,Chickens Sadness is enough
15,Æ³an bindiga sun kashe mutum da Æ™ona buhunan masara a Kaduna,Allah ya Toni asirinsu amin ma haukata kawai,Gunmen kill man and burn sacks of maize in Kaduna,God reveals their secrets to the insane
16,Æ³an bindiga sun kashe mutum da Æ™ona buhunan masara a Kaduna,Babu Abinda nidae zance Anan. saidae Nace Allah Ya saka musu,Gunmen kill man and burn sacks of maize in Kaduna,"Nothing to say here. I said, ""May Allah reward them."""
17,Æ³an bindiga sun kashe mutum da Æ™ona buhunan masara a Kaduna,Innalilahi wainnailaihir Allah ka jikan wadanda suka rigamu . A daina sa siyasa a maganar tsaro in ba hakâ€¦,Gunmen kill man and burn sacks of maize in Kaduna,"God bless you, grandson of those who preceded us. Stop politicizing security issues if not rightâ€¦"
18,Æ³an bindiga sun kashe mutum da Æ™ona buhunan masara a Kaduna,"Allah ya Toni asirin su Ameen, tunda rashin imani ne agaban su tsinanu matsiyata yan buro uba sai kissanâ€¦",Gunmen kill man and burn sacks of maize in Kaduna,"God has revealed their secret Ameen, since it is unbelievable in front of them to curse my poor brothers and sisters and kill them."
19,Æ³an bindiga sun kashe mutum da Æ™ona buhunan masara a Kaduna,Allah ya sawake,Gunmen kill man and burn sacks of maize in Kaduna,God forbid
20,Æ³an bindiga sun kashe mutum da Æ™ona buhunan masara a Kaduna,,Gunmen kill man and burn sacks of maize in Kaduna,
21,Æ³an bindiga sun kashe mutum da Æ™ona buhunan masara a Kaduna,Ya Allah kakawomana karshen wannan rashin kwanciyar hanakalin,Gunmen kill man and burn sacks of maize in Kaduna,May God bring an end to this instability
22,Æ³an bindiga sun kashe mutum da Æ™ona buhunan masara a Kaduna,Allah ya kawomuna dauki kasata Nigeria,Gunmen kill man and burn sacks of maize in Kaduna,God bless my country Nigeria
23,Æ³an bindiga sun kashe mutum da Æ™ona buhunan masara a Kaduna,Ohhh,Gunmen kill man and burn sacks of maize in Kaduna,Ohhh
24,Æ³an bindiga sun kashe mutum da Æ™ona buhunan masara a Kaduna,Hasbunallahu,Gunmen kill man and burn sacks of maize in Kaduna,Hasbunallahu
25,Æ³an bindiga sun kashe mutum da Æ™ona buhunan masara a Kaduna,Allah kayi mana sauki wannan masifa a duk kasashen Africa ta yamma,Gunmen kill man and burn sacks of maize in Kaduna,May God make this tragedy easier for us in all West African countries
26,Æ³an bindiga sun kashe mutum da Æ™ona buhunan masara a Kaduna,Rip,Gunmen kill man and burn sacks of maize in Kaduna,Rip
27,Æ³an bindiga sun kashe mutum da Æ™ona buhunan masara a Kaduna,Subahanallah Allah ya kawoman saukin wanna masifa,Gunmen kill man and burn sacks of maize in Kaduna,Subahanallah Allah has brought relief to this tragedy
28,Æ³an bindiga sun kashe mutum da Æ™ona buhunan masara a Kaduna,Ai budai mun shiga goma a Nigeria amma gaskiya gwamnati bata abin da yadace ko kadan domin ana bukatar 'yâ€¦,Gunmen kill man and burn sacks of maize in Kaduna,"Yes, we are ten in Nigeria, but the government is not doing enough because there is a need for y."
29,Æ³an bindiga sun kashe mutum da Æ™ona buhunan masara a Kaduna,Okie akwai lauje cikin Nadi a harkar nan Amma dai Allah ya kiyaye gaba,Gunmen kill man and burn sacks of maize in Kaduna,"Okie, there is a lag in Nadi in this matter. But God forbid"
30,Æ³an bindiga sun kashe mutum da Æ™ona buhunan masara a Kaduna,Allah ya Mai da alkhairi,Gunmen kill man and burn sacks of maize in Kaduna,God bless you
31,Æ³an bindiga sun kashe mutum da Æ™ona buhunan masara a Kaduna,Kai! Wannan lamari da takaici yake! Allah ya saka,Gunmen kill man and burn sacks of maize in Kaduna,You! This is a tragedy! God willing
33,Æ³an bindiga sun kashe mutum da Æ™ona buhunan masara a Kaduna,"Kayi magana munafukai ace maka dan adawa Nayi nan Allah ya jikan en uwanmu dasuka rasa ransu, yamaidawaâ€¦",Gunmen kill man and burn sacks of maize in Kaduna,Speak hypocrites and say you are an opponent. I am here.
34,Æ³an bindiga sun kashe mutum da Æ™ona buhunan masara a Kaduna,subhanallah,Gunmen kill man and burn sacks of maize in Kaduna,Subhan Allah
35,Æ³an bindiga sun kashe mutum da Æ™ona buhunan masara a Kaduna,"Ya kamata Gwamnati ta kula da shidimar tsaron nan, domin abin ya wuce gona da iri, ganin yadda ake kashe Dan adam kamar kwadi",Gunmen kill man and burn sacks of maize in Kaduna,"The government should pay attention to this security situation, because it is outrageous, seeing how human beings are killed like frogs."
36,Æ³an bindiga sun kashe mutum da Æ™ona buhunan masara a Kaduna,Hasbunallahu waniimal wakil,Gunmen kill man and burn sacks of maize in Kaduna,We count him and I am the agent
37,Æ³an bindiga sun kashe mutum da Æ™ona buhunan masara a Kaduna,Innalillahi wa'inna ilaihi raju'un,Gunmen kill man and burn sacks of maize in Kaduna,"God, and to Him are two men"
38,Æ³an bindiga sun kashe mutum da Æ™ona buhunan masara a Kaduna,allah ya kaouta allah kawo saouki,Gunmen kill man and burn sacks of maize in Kaduna,"God, O Kota, God is the strength of the market"
39,Æ³an bindiga sun kashe mutum da Æ™ona buhunan masara a Kaduna,Daga ji kasan mutanen daura ne sune basa son suga 'yan najeriya sun koshi,Gunmen kill man and burn sacks of maize in Kaduna,It seems that the people of Daura are the ones who do not want to see Nigerians fed up
40,Æ³an bindiga sun kashe mutum da Æ™ona buhunan masara a Kaduna,Subhanallahi allah ya kiyaye allah kuma ya tona musu asiri,Gunmen kill man and burn sacks of maize in Kaduna,Subhanallahi allah protect allah and expose their secrets
41,Æ³an bindiga sun kashe mutum da Æ™ona buhunan masara a Kaduna,"Sub'hana lillahi! Gsky naijeria Sai fa an sake lale, ba a haka za'a cigaba da tafiya ba!",Gunmen kill man and burn sacks of maize in Kaduna,"Sub'hana lillahi! Gsky nigeria Unless it's over again, it won't go on like this!"
42,Æ³an bindiga sun kashe mutum da Æ™ona buhunan masara a Kaduna,Allah jiqan su da ramah. Allah wadanda suka yi wannan aiki Allah ka watsa lamuran Allah ya tsine mu Allah ka walqanta su.,Gunmen kill man and burn sacks of maize in Kaduna,May Allah have mercy on them. May God curse those who did this. May God curse us and humiliate them.
43,Æ³an bindiga sun kashe mutum da Æ™ona buhunan masara a Kaduna,Innalillahi wainnailaishi raju'un,Gunmen kill man and burn sacks of maize in Kaduna,Innalillahi wainnailaishi raju'un
44,Æ³an bindiga sun kashe mutum da Æ™ona buhunan masara a Kaduna,"Innalillahi wa'inna ilaihi raji'un, Allah ya kawo mana zaman lafiya a kasar nan tamu.",Gunmen kill man and burn sacks of maize in Kaduna,May God bring peace to our country.
45,Æ³an bindiga sun kashe mutum da Æ™ona buhunan masara a Kaduna,Allah ya kara kare kasa ta Nigeria,Gunmen kill man and burn sacks of maize in Kaduna,God bless the Nigerian nation
46,Æ³an bindiga sun kashe mutum da Æ™ona buhunan masara a Kaduna,Hasbunallahu wani'imal wakeel Allah ya kawowa al'umma É—auki,Gunmen kill man and burn sacks of maize in Kaduna,Hasbunallahu wani'imal wakeel Allah has brought relief to the nation
47,Æ³an bindiga sun kashe Æ´an sanda uku a Benue,Dan Allah gwabnati taqara kokari akan Layin tsaro,Gunmen kill three policemen in Benue,The government has made no effort to secure the line
48,Æ³an bindiga sun kashe Æ´an sanda uku a Benue,Okay ina Benue amma yaya banji wannan labarin ba.?,Gunmen kill three policemen in Benue,Okay I'm in Benue but how come I don't have this story?
49,Æ³an bindiga sun kashe Æ´an sanda uku a Benue,Toh Allah ya kyauta,Gunmen kill three policemen in Benue,God willing
50,Æ³an bindiga sun kashe Æ´an sanda uku a Benue,Subahanallah Allah ya kyauta,Gunmen kill three policemen in Benue,Subahanallah God is gracious
51,Æ³an bindiga sun kashe Æ´an sanda uku a Benue,Rashin tsatone kawai yake Damin mu wallahi to allah ya kyauta,Gunmen kill three policemen in Benue,It's just that we don't have to worry about it
52,Æ³an bindiga sun kashe Æ´an sanda uku a Benue,Allah ya kara kiyaye nagaba,Gunmen kill three policemen in Benue,God bless you
53,Æ³an bindiga sun kashe Æ´an sanda uku a Benue,Allah ya kyauta,Gunmen kill three policemen in Benue,God is gracious
54,Æ³an bindiga sun kashe Æ´an sanda uku a Benue,Allah jikansu,Gunmen kill three policemen in Benue,God is their grandson
55,Æ³an bindiga sun kashe Æ´an sanda uku a Benue,"Allah ya kyauta, tabbas ya kamata gwamnati ta Æ™ara zage damtse domin murÆ™ushe ta'addanci a Æ™asar nan.",Gunmen kill three policemen in Benue,"God willing, the government should step up its efforts to suppress terrorism in this country."
56,Coronavirus: 'Akwai yiwuwar É“ullar sabon nau'in cutar a Najeriya,ALLAH ya kawaomana dauki ALLAH ALLAH karkaba shuwa gabbinninmu damar sake kullemu amin domin wallahi indaâ€¦,Coronavirus: 'There is a possibility of a new strain of the virus in Nigeria,GOD has made it possible for me to take GOD's reins.
57,Coronavirus: 'Akwai yiwuwar É“ullar sabon nau'in cutar a Najeriya,Wannan kuma ai matsalar kuciğŸ¤· Allah dai ya fiku wllh,Coronavirus: 'There is a possibility of a new strain of the virus in Nigeria,And this is the problem of money. God is greater
60,Coronavirus: 'Akwai yiwuwar É“ullar sabon nau'in cutar a Najeriya,Kutumar ubanku bbchausa munafukai da ku da wanda yasake fadan haka duk abinku sai munkoma makaranta in shâ€¦,Coronavirus: 'There is a possibility of a new strain of the virus in Nigeria,Your father bbchausa hypocrites and you and whoever can say that all of you then go back to school in sh.
91,Abdullahi Abbas bai cancanci shugabancin jamâ€™iyya ba â€“ ÆŠan Sarauniya,Saraki gatan Jam'iya yanda kuka dama haka za asha,Abdullahi Abbas does not deserve to lead the party - the Queen,You will lose the privilege of the party as you wish
92,Abdullahi Abbas bai cancanci shugabancin jamâ€™iyya ba â€“ ÆŠan Sarauniya,Daga baya kenan,Abdullahi Abbas does not deserve to lead the party - the Queen,That's later
93,Abdullahi Abbas bai cancanci shugabancin jamâ€™iyya ba â€“ ÆŠan Sarauniya,Ai matukar akace jahili zai shugabance ka to ka rinks ganin aikin jahilci.,Abdullahi Abbas does not deserve to lead the party - the Queen,"If ignorance leads you, then you rinks to see ignorance."
94,Babban malamin addinin Muslunci Sheikh Ahmed Lemu ya rasu da safiyar yau Alhamis a birnin Minna na jihar Neja. Frâ€¦,Ya Allah ya Gina's a rahama,"Sheikh Ahmed Lemu, a prominent Islamic cleric, passed away on Thursday morning in Minna, Niger State. Frâ€¦",O Allah's Gina's in mercy
95,Babban malamin addinin Muslunci Sheikh Ahmed Lemu ya rasu da safiyar yau Alhamis a birnin Minna na jihar Neja. Frâ€¦,Allah ya jikansa da rahama,"Sheikh Ahmed Lemu, a prominent Islamic cleric, passed away on Thursday morning in Minna, Niger State. Frâ€¦",May Allah have mercy on his grandson
96,Babban malamin addinin Muslunci Sheikh Ahmed Lemu ya rasu da safiyar yau Alhamis a birnin Minna na jihar Neja. Frâ€¦,Innalillahi Wa'inna Ilaihirraji un May the Almighty Allah Forgive nd b Merciful to him From tijjani mai doya na siyama,"Sheikh Ahmed Lemu, a prominent Islamic cleric, passed away on Thursday morning in Minna, Niger State. Frâ€¦",Innalillahi Wa'inna Ilaihirraji un May the Almighty Allah Forgive nd b Merciful to him From tijjani mai doya na siyama
97,Babban malamin addinin Muslunci Sheikh Ahmed Lemu ya rasu da safiyar yau Alhamis a birnin Minna na jihar Neja. Frâ€¦,Allahu ya gafarta masa.,"Sheikh Ahmed Lemu, a prominent Islamic cleric, passed away on Thursday morning in Minna, Niger State. Frâ€¦",May Allah forgive him.
98,Babban malamin addinin Muslunci Sheikh Ahmed Lemu ya rasu da safiyar yau Alhamis a birnin Minna na jihar Neja. Frâ€¦,Allah gafartamasa,"Sheikh Ahmed Lemu, a prominent Islamic cleric, passed away on Thursday morning in Minna, Niger State. Frâ€¦",God forgive him
99,Babban malamin addinin Muslunci Sheikh Ahmed Lemu ya rasu da safiyar yau Alhamis a birnin Minna na jihar Neja. Frâ€¦,Allah ya jiqansa da rahama,"Sheikh Ahmed Lemu, a prominent Islamic cleric, passed away on Thursday morning in Minna, Niger State. Frâ€¦",May Allah have mercy on him
100,Babban malamin addinin Muslunci Sheikh Ahmed Lemu ya rasu da safiyar yau Alhamis a birnin Minna na jihar Neja. Frâ€¦,Allah ya gafarta masa yai masa rahama.,"Sheikh Ahmed Lemu, a prominent Islamic cleric, passed away on Thursday morning in Minna, Niger State. Frâ€¦",May God forgive him and have mercy on him.
101,Babban malamin addinin Muslunci Sheikh Ahmed Lemu ya rasu da safiyar yau Alhamis a birnin Minna na jihar Neja. Frâ€¦,Allah ya jikansa d gafara allah ya mutuwar sa tazama alkhairi,"Sheikh Ahmed Lemu, a prominent Islamic cleric, passed away on Thursday morning in Minna, Niger State. Frâ€¦",May God bless his grandson and may God bless his death
102,Babban malamin addinin Muslunci Sheikh Ahmed Lemu ya rasu da safiyar yau Alhamis a birnin Minna na jihar Neja. Frâ€¦,Allah yajikansa,"Sheikh Ahmed Lemu, a prominent Islamic cleric, passed away on Thursday morning in Minna, Niger State. Frâ€¦",God forbid
103,Babban malamin addinin Muslunci Sheikh Ahmed Lemu ya rasu da safiyar yau Alhamis a birnin Minna na jihar Neja. Frâ€¦,Allah ya jikansa da rahma,"Sheikh Ahmed Lemu, a prominent Islamic cleric, passed away on Thursday morning in Minna, Niger State. Frâ€¦",God bless his grandson with mercy
104,Babban malamin addinin Muslunci Sheikh Ahmed Lemu ya rasu da safiyar yau Alhamis a birnin Minna na jihar Neja. Frâ€¦,"Allahu Akabar, Allah ya jikan sa da rahama","Sheikh Ahmed Lemu, a prominent Islamic cleric, passed away on Thursday morning in Minna, Niger State. Frâ€¦","Allahu Akabar, may Allah have mercy on his grandson"
105,Babban malamin addinin Muslunci Sheikh Ahmed Lemu ya rasu da safiyar yau Alhamis a birnin Minna na jihar Neja. Frâ€¦,Allah ya jikansa,"Sheikh Ahmed Lemu, a prominent Islamic cleric, passed away on Thursday morning in Minna, Niger State. Frâ€¦",God was his grandson
106,Babban malamin addinin Muslunci Sheikh Ahmed Lemu ya rasu da safiyar yau Alhamis a birnin Minna na jihar Neja. Frâ€¦,"Allahu Akbar ,Allah ya gafarta masa","Sheikh Ahmed Lemu, a prominent Islamic cleric, passed away on Thursday morning in Minna, Niger State. Frâ€¦","God is great, God forgive Masi"
107,Babban malamin addinin Muslunci Sheikh Ahmed Lemu ya rasu da safiyar yau Alhamis a birnin Minna na jihar Neja. Frâ€¦,Allah yayi mai rahama,"Sheikh Ahmed Lemu, a prominent Islamic cleric, passed away on Thursday morning in Minna, Niger State. Frâ€¦",May Allah have mercy on him
108,CoronaWave2: Gwamna Badaru ya umarci maâ€™aikata su fara aiki daga gida saboda Corona,"Damashi wann governor din namu dan abiyarima asha kidane, bashida raâ€™ayin kansa",CoronaWave2: Governor Badaru orders workers to start working from home for Corona,"Our governor's son, Asha Kidane, has no personal opinion"
137,Matsalar tsaro: Masu garkuwa da mutane sun sace wasu tare da Æ™ona motar jamiâ€™an tsaro a Kano,Allah Yakara tsaremu ya tsare imanin mu.,Security crisis: Kidnappers abduct and burn security vehicles in Kano,May God protect us and keep our faith.
0,Christmas : Tsaron Æ´an Najeriya zai zama wani shika-shikan imanina - Buhari,Tokuwa idanhakane yabar dayan rukunin imanin sa,Christmas: The security of Nigerians will be a cornerstone of my faith - Buhari,"If so, praise the other group of his faith"
1,Christmas : Tsaron Æ´an Najeriya zai zama wani shika-shikan imanina - Buhari,"Ko ba tsaron yan nigeria ba..! Za kayi bayani ne, ranar da za'a sauko da rana dedai saman kanka.",Christmas: The security of Nigerians will be a cornerstone of my faith - Buhari,"Or not the security of Nigerians ..! You explain, the day the sun goes down right on top of you."
2,Christmas : Tsaron Æ´an Najeriya zai zama wani shika-shikan imanina - Buhari,Wannan haka yake,Christmas: The security of Nigerians will be a cornerstone of my faith - Buhari,This is so
3,Christmas : Tsaron Æ´an Najeriya zai zama wani shika-shikan imanina - Buhari,Allah Sarki Baba mai sabbin shika-shikai Allah ya bada ikon cika su,Christmas: The security of Nigerians will be a cornerstone of my faith - Buhari,God the Father Father of new branches God has given the power to fulfill them
4,Christmas : Tsaron Æ´an Najeriya zai zama wani shika-shikan imanina - Buhari,"Wannan maganar Gaskiya ce BaBa Allah, ya qara lfy",Christmas: The security of Nigerians will be a cornerstone of my faith - Buhari,"This statement is true No God, he added lfy"
5,Christmas : Tsaron Æ´an Najeriya zai zama wani shika-shikan imanina - Buhari,"ğŸ¤£ shegiya Æ™arya,yo mutumin daya gaza tsare jiharsa ta haihuwa ma har shine zai mana cika bakin cewa tâ€¦",Christmas: The security of Nigerians will be a cornerstone of my faith - Buhari,"ğŸ¤£ Shegiya false, yo a person who fails to maintain his state of birth is also going to complain that t t"
6,Christmas : Tsaron Æ´an Najeriya zai zama wani shika-shikan imanina - Buhari,Kai mudai mun fara gajiya da irin wadannan maganganun na bahari kana magana kamar mai cika alkawari,Christmas: The security of Nigerians will be a cornerstone of my faith - Buhari,You are just getting tired of these sea urchins talking like a promise maker
8,Christmas : Tsaron Æ´an Najeriya zai zama wani shika-shikan imanina - Buhari,,Christmas: The security of Nigerians will be a cornerstone of my faith - Buhari,
9,"Korona ta yi ajalin jagoran Æ´an adawan Mali, Soumaila Cisse",Too Allah ya kyauta,Korona kills Mali's opposition leader Soumaila Cisse,Too God's gift
10,"Korona ta yi ajalin jagoran Æ´an adawan Mali, Soumaila Cisse",Allah yajikansa yasa aljannace makomarsa ameen Mukuma idan tamu tazo Allah yasa mucika da imani ameen,Korona kills Mali's opposition leader Soumaila Cisse,God bless you and grant you a happy future ameen Mukuma if we come may God bless you with ameen
11,"Korona ta yi ajalin jagoran Æ´an adawan Mali, Soumaila Cisse",Ayya Allah ya gafarta masa.,Korona kills Mali's opposition leader Soumaila Cisse,God has forgiven him.
12,"Korona ta yi ajalin jagoran Æ´an adawan Mali, Soumaila Cisse",Allah Yajikansa Yasashi a cikin shahidan annu'uba,Korona kills Mali's opposition leader Soumaila Cisse,May God have mercy on him among the martyrs of the plague
13,"Korona ta yi ajalin jagoran Æ´an adawan Mali, Soumaila Cisse",Karya ne,Korona kills Mali's opposition leader Soumaila Cisse,Work
14,"Korona ta yi ajalin jagoran Æ´an adawan Mali, Soumaila Cisse",Allah ya jiqansa da rahama,Korona kills Mali's opposition leader Soumaila Cisse,May Allah have mercy on him
15,Ganduje ya yi wa Kwankwaso ta'aziyya bisa rasuwar mahaifinsa,Allah yajikansa da rahama,Ganduje offered his condolences to Kwankwaso on the death of his father,May God have mercy on him
16,Ganduje ya yi wa Kwankwaso ta'aziyya bisa rasuwar mahaifinsa,Ya kyauta.,Ganduje offered his condolences to Kwankwaso on the death of his father,It's free.
17,Ganduje ya yi wa Kwankwaso ta'aziyya bisa rasuwar mahaifinsa,Sai akayi yaya tow???,Ganduje offered his condolences to Kwankwaso on the death of his father,So how tow ???
18,Ganduje ya yi wa Kwankwaso ta'aziyya bisa rasuwar mahaifinsa,"Mai gidansa ne ai, Ina laifi",Ganduje offered his condolences to Kwankwaso on the death of his father,"He is the owner, I am guilty"
19,Ganduje ya yi wa Kwankwaso ta'aziyya bisa rasuwar mahaifinsa,Waye ya tambayeku,Ganduje offered his condolences to Kwankwaso on the death of his father,Who asked
20,Ganduje ya yi wa Kwankwaso ta'aziyya bisa rasuwar mahaifinsa,Allah ya gafarta mishi,Ganduje offered his condolences to Kwankwaso on the death of his father,God forgave him
21,Ganduje ya yi wa Kwankwaso ta'aziyya bisa rasuwar mahaifinsa,To sai kuma akayi yaya,Ganduje offered his condolences to Kwankwaso on the death of his father,So how did it go?
22,Ganduje ya yi wa Kwankwaso ta'aziyya bisa rasuwar mahaifinsa,"Ya kyauta, Dama da alama ganduje ya danfi saukin kai",Ganduje offered his condolences to Kwankwaso on the death of his father,"It's free, and it looks like a sack that encloses with a drawstring"
23,Ganduje ya yi wa Kwankwaso ta'aziyya bisa rasuwar mahaifinsa,"Ya kyauta matuÆ™a, domin kuwa haka akeson mutum kada ya kudkura ya sake zafin adawan siyasa yakaishi ga halaka.",Ganduje offered his condolences to Kwankwaso on the death of his father,"He was very generous, because he wanted one not to dare to re-ignite the political opposition to destruction."
24,Ganduje ya yi wa Kwankwaso ta'aziyya bisa rasuwar mahaifinsa,Haka ake so,Ganduje offered his condolences to Kwankwaso on the death of his father,That's the way it is
25,Ganduje ya yi wa Kwankwaso ta'aziyya bisa rasuwar mahaifinsa,Dottijo mai dottako kenan. Allah kara daukaka Baba Ganduje.,Ganduje offered his condolences to Kwankwaso on the death of his father,Dottijo is a dottako. God bless Baba Ganduje.
26,Ganduje ya yi wa Kwankwaso ta'aziyya bisa rasuwar mahaifinsa,Ashe da ragowar Hankalinsa,Ganduje offered his condolences to Kwankwaso on the death of his father,It's the remnants of His Mind
27,Ganduje ya yi wa Kwankwaso ta'aziyya bisa rasuwar mahaifinsa,Mutuwa wasa ne.,Ganduje offered his condolences to Kwankwaso on the death of his father,Death is a game.
28,Ganduje ya yi wa Kwankwaso ta'aziyya bisa rasuwar mahaifinsa,"Baba ganduje bakagaba, Allah ya kara imani",Ganduje offered his condolences to Kwankwaso on the death of his father,"Baba ganduje bakagaba, God has increased faith"
29,Ganduje ya yi wa Kwankwaso ta'aziyya bisa rasuwar mahaifinsa,Masha Allah,Ganduje offered his condolences to Kwankwaso on the death of his father,Masha Allah
30,Ganduje ya yi wa Kwankwaso ta'aziyya bisa rasuwar mahaifinsa,BBC Allah ya shirya mana ku dai kam,Ganduje offered his condolences to Kwankwaso on the death of his father,BBC God has prepared you for us
32,Ganduje ya yi wa Kwankwaso ta'aziyya bisa rasuwar mahaifinsa,Toh munahikai,Ganduje offered his condolences to Kwankwaso on the death of his father,"After all, it's hypocritical"
33,Ganduje ya yi wa Kwankwaso ta'aziyya bisa rasuwar mahaifinsa,ğ•ğ•’ğ•ªğ•š ğ•’ğ•“ğ•šğ•Ÿğ••ğ•’ ğ•ªğ•’ ğ••ğ•’ğ•”ğ•–,Ganduje offered his condolences to Kwankwaso on the death of his father,ğ•ğ•’ğ•ªğ•š ğ•’ğ•“ğ•šğ•Ÿğ••ğ•’ ğ•ªğ•’ ğ••ğ•’ğ•”ğ•–
34,Ganduje ya yi wa Kwankwaso ta'aziyya bisa rasuwar mahaifinsa,zuwa zaiyi,Ganduje offered his condolences to Kwankwaso on the death of his father,to will
35,Mohamed Salah ya taya masoyansa murnar bikin Kirsimeti,Allah yai wadaran Naka Ya lalace,Mohamed Salah wishes his loved ones a Merry Christmas,God bless you
36,Mohamed Salah ya taya masoyansa murnar bikin Kirsimeti,Ya kyauta,Mohamed Salah wishes his loved ones a Merry Christmas,It's free
37,Mohamed Salah ya taya masoyansa murnar bikin Kirsimeti,Allah ya shirya...,Mohamed Salah wishes his loved ones a Merry Christmas,God willing ...
38,Mohamed Salah ya taya masoyansa murnar bikin Kirsimeti,Allah ya shirya,Mohamed Salah wishes his loved ones a Merry Christmas,God has prepared
39,Mohamed Salah ya taya masoyansa murnar bikin Kirsimeti,Gaskiya hakan bai kamataba wllh A matsayinsa Na musulmi,Mohamed Salah wishes his loved ones a Merry Christmas,"In fact, this should not be the case. As a Muslim"
40,Mohamed Salah ya taya masoyansa murnar bikin Kirsimeti,Amma ban san Mo salah sha uku ba ne sai yau.,Mohamed Salah wishes his loved ones a Merry Christmas,But I don't know if Mo salah is thirteen until today.
41,Mohamed Salah ya taya masoyansa murnar bikin Kirsimeti,Mtswwwww andai ji kunya matsayinsa na Muslimi an fado babu nauyi,Mohamed Salah wishes his loved ones a Merry Christmas,Mtswwwww who is ashamed of his status as a Muslim has fallen weightless
42,Mohamed Salah ya taya masoyansa murnar bikin Kirsimeti,Taf! Sai mukula,Mohamed Salah wishes his loved ones a Merry Christmas,Taf! Sai mukula
43,Mohamed Salah ya taya masoyansa murnar bikin Kirsimeti,"Muna godiya Salah, Allah Mayar da alheri. Da duniyar nan ta cika da irin ku, zai iya yiwuwa a zauna lafiya",Mohamed Salah wishes his loved ones a Merry Christmas,"We thank Salah, God bless. If this world were filled with people like you, it would be possible to live in peace"
44,Mohamed Salah ya taya masoyansa murnar bikin Kirsimeti,"To kundai gani masoya salah sai ku bi a hankali domin kuwa shima yana taya kafurai murnar cewa ukku ne, Aâ€¦",Mohamed Salah wishes his loved ones a Merry Christmas,"So if you see the lovers of Salah, then follow it carefully because he also congratulates the disbelievers that he is three, A A"
45,Mohamed Salah ya taya masoyansa murnar bikin Kirsimeti,Tirrt wlh dan wahala,Mohamed Salah wishes his loved ones a Merry Christmas,Tirrt wlh and suffering
46,Mohamed Salah ya taya masoyansa murnar bikin Kirsimeti,Ya kyauta ya burge ni,Mohamed Salah wishes his loved ones a Merry Christmas,It was free to impress me
47,Mohamed Salah ya taya masoyansa murnar bikin Kirsimeti,"Nayi Allah wadae da abin da Mo. Salah ya aikata, Allah ya Kyauta",Mohamed Salah wishes his loved ones a Merry Christmas,"I condemn what Mo. Salah did, God willing"
48,Mohamed Salah ya taya masoyansa murnar bikin Kirsimeti,Allah wadai,Mohamed Salah wishes his loved ones a Merry Christmas,God is the valley
49,Mohamed Salah ya taya masoyansa murnar bikin Kirsimeti,Amma kuma yana ikrari shi musulmi ne ko,Mohamed Salah wishes his loved ones a Merry Christmas,But he also claims to be a Muslim though
50,Mohamed Salah ya taya masoyansa murnar bikin Kirsimeti,Allah ya kyauta,Mohamed Salah wishes his loved ones a Merry Christmas,God is gracious
51,Mohamed Salah ya taya masoyansa murnar bikin Kirsimeti,Hancin uwassa,Mohamed Salah wishes his loved ones a Merry Christmas,The nose of the mother
53,Mohamed Salah ya taya masoyansa murnar bikin Kirsimeti,A haka kamar bazai aikata ba,Mohamed Salah wishes his loved ones a Merry Christmas,So it just doesn't seem to work
54,Mohamed Salah ya taya masoyansa murnar bikin Kirsimeti,Bai kyauta ba,Mohamed Salah wishes his loved ones a Merry Christmas,It's not free
55,Mohamed Salah ya taya masoyansa murnar bikin Kirsimeti,Yayi kokarii,Mohamed Salah wishes his loved ones a Merry Christmas,He tried
56,Mohamed Salah ya taya masoyansa murnar bikin Kirsimeti,Yabani mamaki,Mohamed Salah wishes his loved ones a Merry Christmas,Yabani surprised
57,Mohamed Salah ya taya masoyansa murnar bikin Kirsimeti,Anya Muhammad sallah musulmi ne,Mohamed Salah wishes his loved ones a Merry Christmas,Muhammad Salat is a Muslim
58,Mohamed Salah ya taya masoyansa murnar bikin Kirsimeti,Kaico tir,Mohamed Salah wishes his loved ones a Merry Christmas,Kaico tir
59,Ana ci gaba da yi wa Æ´an Saudiyya allurar riga-kafin cutar korona tare da wayar musu da kai kan muhimmancinta Wannâ€¦,"shegun banza yan kwangila, Allah tsinewa masu mulkin saudi arabia albarka, yahudawa kawai",Saudis continue to be vaccinated against cholera and raise awareness of its importance.,"Insulting contractors, God damn the rulers of saudi arabia, only the Jews"
60,"Mutum ,041 sun sake kamuwa da cutar korona a Najeriya ranar Alhamis A ci gaba da wanke hannu ana sa takunkumi anaâ€¦",Allah Ya isarmana da wannan karerayin da ake mana.,"Man, 041 re-infected with cholera in Nigeria on Thursday Sanctions continue to be imposedâ€¦",May Allah suffice me with this accusation against us.
61,"Mutum ,041 sun sake kamuwa da cutar korona a Najeriya ranar Alhamis A ci gaba da wanke hannu ana sa takunkumi anaâ€¦",Acigaba da Alwala dakuma Sallah. Sannan aroki Allah daya karemu...!,"Man, 041 re-infected with cholera in Nigeria on Thursday Sanctions continue to be imposedâ€¦",Continuing Wudhu and Salat. And may God protect us ...!
62,"Mutum ,041 sun sake kamuwa da cutar korona a Najeriya ranar Alhamis A ci gaba da wanke hannu ana sa takunkumi anaâ€¦",makaryatan banza makaryatan hofi,"Man, 041 re-infected with cholera in Nigeria on Thursday Sanctions continue to be imposedâ€¦",makaryatan banza makaryatan hofi
63,"Mutum ,041 sun sake kamuwa da cutar korona a Najeriya ranar Alhamis A ci gaba da wanke hannu ana sa takunkumi anaâ€¦",Mu ai musan kawai dannan wannan nombobin dadi gareshi shi yasa kaga yau an saka ko kuma kokumaâ€¦,"Man, 041 re-infected with cholera in Nigeria on Thursday Sanctions continue to be imposedâ€¦",We just don't want to miss out on this great opportunity.
64,"Mutum ,041 sun sake kamuwa da cutar korona a Najeriya ranar Alhamis A ci gaba da wanke hannu ana sa takunkumi anaâ€¦",Naja da baya na bada tazara na tawo da gudu nayi wuuuuuf da.....,"Man, 041 re-infected with cholera in Nigeria on Thursday Sanctions continue to be imposedâ€¦",I go back and forth to give myself a break of running and running wuuuuf and .....
65,"Mutum ,041 sun sake kamuwa da cutar korona a Najeriya ranar Alhamis A ci gaba da wanke hannu ana sa takunkumi anaâ€¦",Karyar banza,"Man, 041 re-infected with cholera in Nigeria on Thursday Sanctions continue to be imposedâ€¦",Falsehood
66,"Mutum ,041 sun sake kamuwa da cutar korona a Najeriya ranar Alhamis A ci gaba da wanke hannu ana sa takunkumi anaâ€¦",Makaryatan banza. wai ku yan BBC Hausa bakuda abin posting NeeğŸ¤¬..!,"Man, 041 re-infected with cholera in Nigeria on Thursday Sanctions continue to be imposedâ€¦",False liars. You BBC Hausa readers don't have a post NeeğŸ¤¬ ..!
67,"Mutum ,041 sun sake kamuwa da cutar korona a Najeriya ranar Alhamis A ci gaba da wanke hannu ana sa takunkumi anaâ€¦",Tau ALLAH shi sauwaka,"Man, 041 re-infected with cholera in Nigeria on Thursday Sanctions continue to be imposedâ€¦",GOD makes it easy
68,"Mutum ,041 sun sake kamuwa da cutar korona a Najeriya ranar Alhamis A ci gaba da wanke hannu ana sa takunkumi anaâ€¦",Hmm kai a dauri kashi ko a bata igiya,"Man, 041 re-infected with cholera in Nigeria on Thursday Sanctions continue to be imposedâ€¦",Hmm you either tie a bone or twist a rope
69,"Mutum ,041 sun sake kamuwa da cutar korona a Najeriya ranar Alhamis A ci gaba da wanke hannu ana sa takunkumi anaâ€¦",Ya baku lissafa dani ba,"Man, 041 re-infected with cholera in Nigeria on Thursday Sanctions continue to be imposedâ€¦",He did not list me
70,"Mutum ,041 sun sake kamuwa da cutar korona a Najeriya ranar Alhamis A ci gaba da wanke hannu ana sa takunkumi anaâ€¦",Pls A Turo Mana Hoton Koda Mutane Arba'in Din Saman,"Man, 041 re-infected with cholera in Nigeria on Thursday Sanctions continue to be imposedâ€¦",Pls Send Us A Picture Of Even The Top 40 People
71,"Mutum ,041 sun sake kamuwa da cutar korona a Najeriya ranar Alhamis A ci gaba da wanke hannu ana sa takunkumi anaâ€¦",,"Man, 041 re-infected with cholera in Nigeria on Thursday Sanctions continue to be imposedâ€¦",
72,"Mutum ,041 sun sake kamuwa da cutar korona a Najeriya ranar Alhamis A ci gaba da wanke hannu ana sa takunkumi anaâ€¦",Kajifa ğŸ¤” ğŸ¤” ğŸ¤”,"Man, 041 re-infected with cholera in Nigeria on Thursday Sanctions continue to be imposedâ€¦",Kajifa ğŸ¤”ğŸ¤”ğŸ¤”
73,"Mutum ,041 sun sake kamuwa da cutar korona a Najeriya ranar Alhamis A ci gaba da wanke hannu ana sa takunkumi anaâ€¦",Wai mu zaa raina,"Man, 041 re-infected with cholera in Nigeria on Thursday Sanctions continue to be imposedâ€¦",We will be despised
74,"Mutum ,041 sun sake kamuwa da cutar korona a Najeriya ranar Alhamis A ci gaba da wanke hannu ana sa takunkumi anaâ€¦",Allah ya Raba mu da sharrin yahudawa.,"Man, 041 re-infected with cholera in Nigeria on Thursday Sanctions continue to be imposedâ€¦",God separates us from the evil of the Jews.
75,"Mutum ,041 sun sake kamuwa da cutar korona a Najeriya ranar Alhamis A ci gaba da wanke hannu ana sa takunkumi anaâ€¦",Ni bance babu cutar korona ba a Æ™asata Najeriya amma batu na gaskiya shine akwai Æ™arin gishiri da akeyi gâ€¦,"Man, 041 re-infected with cholera in Nigeria on Thursday Sanctions continue to be imposedâ€¦",I do not have coronary heart disease in my country Nigeria but the fact of the matter is that there is more salt in the gâ€¦â€¦
76,"Mutum ,041 sun sake kamuwa da cutar korona a Najeriya ranar Alhamis A ci gaba da wanke hannu ana sa takunkumi anaâ€¦",Allah yakorata,"Man, 041 re-infected with cholera in Nigeria on Thursday Sanctions continue to be imposedâ€¦",God bless you
77,"Mutum ,041 sun sake kamuwa da cutar korona a Najeriya ranar Alhamis A ci gaba da wanke hannu ana sa takunkumi anaâ€¦",ğŸ¤£SHEGIYA QARYA,"Man, 041 re-infected with cholera in Nigeria on Thursday Sanctions continue to be imposedâ€¦",ğŸ¤£SHEGIYA QARYA
78,An fara yi wa Æ´an Æ™asashen Mexico da Chile da Costa Rica allurar riga-kafin cutar korona,"Toh mu dai Æ™asashenmu na Afirka gamu ga Allah, amma batu na gaskiya da ace wannan cuta tana halaka jama'aâ€¦","Mexico, Chile and Costa Rica have been vaccinated against cholera","Of course, our African countries are facing God, but the fact is that this disease is destroying our people."
80,Shugabannin EU sun yi murna da yarjejeniyar cinikayya tsakaninsu da Birtaniya,"BBC Hausa, bamu ce kada ku kawo mana labaran shirin yarjejeniyar cinikayya tsakanin EU da Birtaniya ba, aâ€¦",EU leaders have welcomed a free trade agreement with Britain,BBC News: We don't want you to tell us about the EU-UK trade deal.
82,Buhari ya soke ziyarar gaisuwar Kirsimeti zuwa fadarsa don kiyaye dokokin hana yaduwar cutar koronaâ€¦,Sai tsoho,Buhari cancels Christmas greetings to his palace to abide by curfews,Then the old
83,Buhari ya soke ziyarar gaisuwar Kirsimeti zuwa fadarsa don kiyaye dokokin hana yaduwar cutar koronaâ€¦,ğŸ§,Buhari cancels Christmas greetings to his palace to abide by curfews,ğŸ§
84,Buhari ya soke ziyarar gaisuwar Kirsimeti zuwa fadarsa don kiyaye dokokin hana yaduwar cutar koronaâ€¦,Islamist Buhari ğŸ¤­,Buhari cancels Christmas greetings to his palace to abide by curfews,Islamist Buhari ğŸ¤­
85,Buhari ya soke ziyarar gaisuwar Kirsimeti zuwa fadarsa don kiyaye dokokin hana yaduwar cutar koronaâ€¦,Hmm. Allah ya kyauta,Buhari cancels Christmas greetings to his palace to abide by curfews,Hmm. God is gracious
86,Buhari ya soke ziyarar gaisuwar Kirsimeti zuwa fadarsa don kiyaye dokokin hana yaduwar cutar koronaâ€¦,Hmm,Buhari cancels Christmas greetings to his palace to abide by curfews,Hmm
87,Wannan shafi ne da ke kawo muku labarai da rahotanni kai tsaye na wasu abubuwan da ke faruwa a Najeriya da duniya.,Kuna kokari bbc,This is a site that brings you live news and current affairs updates on Nigeria and the world.,You are trying bbc
97,Ina fatan mutuwa ta zama silar sulhun Kwankwaso da Ganduje â€“ ÆŠan Sarauniya,"Allah yasa,domin kuwa idan hakan tadamu bakaramar nasara bace ga al'ummar jahar kano gaba daya",I hope death becomes a means of reconciliation between Kwankwaso and Ganduje - the Queen,"God willing, it will be a great victory for the people of Kano State"
98,Ina fatan mutuwa ta zama silar sulhun Kwankwaso da Ganduje â€“ ÆŠan Sarauniya,Gaskiyar magana ina mamakin wannan kalmar dayawa yawan mutane suke amfani da ita wajan nemawa wadaâ€¦,I hope death becomes a means of reconciliation between Kwankwaso and Ganduje - the Queen,Honestly I wonder this word many people use to search for wadaâ€¦
103,Mutum Sun Tsallake Rijiya Da Baya A Hatsarin Mota A Abuja,Allah ya kara tsaremu,Man Crosses Well In Car Accident In Abuja,God has further protected us
104,Mutum Sun Tsallake Rijiya Da Baya A Hatsarin Mota A Abuja,Allah ya Kara karemu,Man Crosses Well In Car Accident In Abuja,May God protect us
105,Mutum Sun Tsallake Rijiya Da Baya A Hatsarin Mota A Abuja,Dan hukumimi kare haddira yakamata Susa Ido Kan Titinuna sabida mutane basa tafiya akan duka abun yafada yawa,Man Crosses Well In Car Accident In Abuja,A traffic safety officer should keep an eye on the streets so that people do not walk on all fours.
106,Mutum Sun Tsallake Rijiya Da Baya A Hatsarin Mota A Abuja,Alllah ya kiyaye afkuwar hakan a gaba,Man Crosses Well In Car Accident In Abuja,May God prevent this from happening in the future
107,Mutum Sun Tsallake Rijiya Da Baya A Hatsarin Mota A Abuja,Allah ubangiji yayiwa wadanda suka rasu rahama,Man Crosses Well In Car Accident In Abuja,May Allah have mercy on the dead
112,Nan ba da jimawa ba Najeriya za ta fita daga matsin tattalin arziki â€“ APC,Labari Ne Wannan Ba Yau Kuka Saba FaÉ—a Ba,Nigeria will soon emerge from recession - APC,This is a story you are not used to saying today
113,Nan ba da jimawa ba Najeriya za ta fita daga matsin tattalin arziki â€“ APC,Tayaya?,Nigeria will soon emerge from recession - APC,How?
114,Nan ba da jimawa ba Najeriya za ta fita daga matsin tattalin arziki â€“ APC,Insha Allah,Nigeria will soon emerge from recession - APC,Insha Allah
115,Nan ba da jimawa ba Najeriya za ta fita daga matsin tattalin arziki â€“ APC,Allah ya sa. Amin,Nigeria will soon emerge from recession - APC,"God, Si. Trustworthy"
116,Nan ba da jimawa ba Najeriya za ta fita daga matsin tattalin arziki â€“ APC,"Allah ya tabbatar, muna fatan hakan",Nigeria will soon emerge from recession - APC,"God willing, we hope so"
117,Nan ba da jimawa ba Najeriya za ta fita daga matsin tattalin arziki â€“ APC,Toh !,Nigeria will soon emerge from recession - APC,Toh !
118,Nan ba da jimawa ba Najeriya za ta fita daga matsin tattalin arziki â€“ APC,Haryau Kunqi kugane inda Matsalar Take. Bazamu Taba Fita Daga Halinda Muke Cikiba Harasai Mun Koma Ga Allah Madaukakin Sarki,Nigeria will soon emerge from recession - APC,Haryau Kunqi knows where the problem is. We will never get out of our current situation. We have returned to God Almighty
119,Nan ba da jimawa ba Najeriya za ta fita daga matsin tattalin arziki â€“ APC,Mundai Ji,Nigeria will soon emerge from recession - APC,Mr. Munde
132,Funeral processions of late Majidadin Kano Alh. Musa Saleh Kwankwaso,Allah ya jikansa da rahma,Funeral processions of late Majidadin Kano Alh. Musa Saleh Kwankwaso,God bless his grandson with mercy
133,Funeral processions of late Majidadin Kano Alh. Musa Saleh Kwankwaso,Allah ya gafarta masa,Funeral processions of late Majidadin Kano Alh. Musa Saleh Kwankwaso,God forgave him
134,Funeral processions of late Majidadin Kano Alh. Musa Saleh Kwankwaso,Allah Ya jikan Majidadi.,Funeral processions of late Majidadin Kano Alh. Musa Saleh Kwankwaso,God bless Majid.
135,Funeral processions of late Majidadin Kano Alh. Musa Saleh Kwankwaso,Allah ya Jiqansa da Rahama,Funeral processions of late Majidadin Kano Alh. Musa Saleh Kwankwaso,May Allah have mercy on him
13,mtswwwwww kowa yanada uziri mai girma shgaban kasa abari sai sannan asaka wannan doka,,mtswwwwww everyone has an excuse from the president to pass this law,in
14,mtswwwwww kowa yanada uziri mai girma shgaban kasa abari sai sannan asaka wannan doka,Lokacin uban kowa ma ya mutu ya koma ga Allah ba. Aikin banza aikin wofi. Allah ka tsare muâ€¦,mtswwwwww everyone has an excuse from the president to pass this law,When everyone's father dies he does not return to God. Nonsense empty work. God bless usâ€¦
42,"Allah ya raya! Allah ya kawo wasu shekaru masu albarka! Amma ka sani ""time is against you"". Sai a dauâ€¦",Yakamata in motsa kenan ko amin thaks,"God bless you! God bless some more years! But you know ""time is against you"". Then takeâ€¦",I should move this or amen thaks
56,Iyehhhh,Ehhh,Iyehhhh,Ehhh
57,Grassssss,Yp,Grassssss,Yp
108,"Alhamdulillah. Amman Sai an sake jira na wata daya. Wato watan fabarairu! Ka ga, zaman gida na wata cur.",Sai asuu ta gama jegon ta,"Alhamdulillah. But I have to wait another month. That is February! You see, home is a cur.",Sai lives he gamma jegon he
111,"Gwalando ciwo (rauni) ne a aka ji shi kuma ya Æ™i warkewa, yana fitar da ruwa. Nawa sanin kenan.","Ina ga wannan ""gyanbo"" kenan.","Gwalando is a sore (wound) that is felt and refuses to heal, expelling water. How much do I know?","I see this is a ""gyanbo""."
117,Aiki yana kyau. Tuntuni yakamata ace aba mutane dama su kare kansu amma ana ta karyar za'a kare su.,"Kuma har abada babu Wanda zai bamu wata kariya, duk karya suke Wallahi",The work is good. People should have been given the opportunity to defend themselves long ago but they are being lied to.,"And no one will ever give us any protection, they are all liars"
129,"Alaji da kaji ance ""TILL FURTHER NOTICE"" to wallahi ansamu matsala. Allah gamu gareka.",Barawo a hannun mata,"""TILL FURTHER NOTICE"" means we have a problem. God bless you.",A thief in the hands of women
162,Aisha Humaira Ummul muminina Matar Nmiji daya takk inkamata kari zata harbeka...!,Gaskiya ne wannan,Aisha Humaira Ummul Muminina A single woman should be shot ...!,This is true
163,"HBD SIR MUSTAPHA ALKASSIM DAN HAJIYA, KARTAGIN SIYASAR NASSARAWA KUMA SHUHADA'UN MADUGU. â€¦",Allah ya kara Girma,HBD SIR MUSTAPHA ALKASSIM DAN HAJIYA â€¦,God has magnified
168,Wlh na fahimci abunda kika rubuta hakanne ma ya bani damar tunatar dake kinsan Dan adam akwai yawan mantâ€¦,Naji,Wlh I understand what you wrote and it also allows me to remind you that there is a lot of forgetfulness adam,Survivor
169,Ke Dan na fadamiki gaskiya ni kike cewa zaki saukewa haushinki To kisani dama ance gaskiya dacine da itâ€¦,Ni kuma karya na fada ko? Inbaka fahimce magana ba kadena saka baki,"My son, I am telling you the truth. You are saying that you will ease your anger.",Am I lying too? You do not understand speech and do not intervene
170,Maganar batsa kikeyi wanda kinsa wannan ma laifine a addinin dakike ciki ko,Batsa ne wannan????? Karka Bari in sauke maka haushina kanaji ko,Pornography is also a religious crime,Is this porn ????? Don't let me get you down
178,"ALHAMDULILLAH NASIHA CE: ""Kada ku gaji dayin addu'a babu wanda zai halaka mutukar yana yin addu'a Cewar ma'aiki (Sâ€¦",Allah yayi mana jagoranci,"ALHAMDULILLAH ADVICE: ""Do not get tired of praying. No one will perish as long as he prays.""",May God guide us
182,â€¦,â€¦,â€¦,â€¦
199,Allah jikan Alhaji Miqdad A.D saude Mutumin Yaya na ne kuma Yana Kaunar Zuriyar Mu. Tabbas Zuriyar Lawâ€¦,"Ameen , Allah ya bar zumunchi",God is the grandson of Alhaji Miqdad A.D. Saude. He is my brother and he loves our descendants. Probably Descendants Law,"Ameen, God forbid"
207,Aameeeb Yaa Hayyu Yaa Qayyum.,Summa ameen ğŸ¤²,Aameeeb Yaa Hayyu Yaa Qayyum.,Sum Ameen ğŸ¤²
25,ğŸ¤£ğŸ¤£ theory ne ae,Kwaraee,ğŸ¤£ğŸ¤£ theory ne ae,Kwaraee
26,Kaji sharri ğŸ¤£ğŸ¤£biba che ta yaudari bari. Tagâ€¦,Topah iii,Chickens are bad babiba che she cheated let. Tagâ€¦,Topah iii
27,Kaji sharri ğŸ¤£ğŸ¤£biba che ta yaudari bari. Tagâ€¦,Namijii ena yiinkağŸ¤£ğŸ¤£over wollah,Chickens are bad babiba che she cheated let. Tagâ€¦,Namijii ena yiinkağŸ¤£ğŸ¤£over wollah
28,Kaji sharri ğŸ¤£ğŸ¤£biba che ta yaudari bari. Tagâ€¦,ğŸ¤£ğŸ¤£ğŸ¤£,Chickens are bad babiba che she cheated let. Tagâ€¦,ğŸ¤£ğŸ¤£ğŸ¤£
29,Kaji sharri ğŸ¤£ğŸ¤£biba che ta yaudari bari. Tagâ€¦,Iyehhhh,Chickens are bad babiba che she cheated let. Tagâ€¦,Iyehhhh
31,Amma anyi qartinnn baaanz**** mata dai! Laaa haula wala quwwata illah billahi,An bada muu!,"As for me, two bans, **** when! Neither the state nor the forces of God in God",We are given!
61,"Spherical clusters of scalenohedrons Rhodochrosite from Wolf Mine, Herdorf, Altenkirchen, Rhineland-Palatinate, Gerâ€¦",Salsa rock,"Spherical clusters of scalenohedrons Rhodochrosite from Wolf Mine, Herdorf, Altenkirchen, Rhineland-Palatinate, Gerâ€¦",Salsa rock
132,An sace wani malamin addinin kirista da matarsa a Kaduna Æ˜aarin bayani,Allah ya kare haba Amma masu 'K' ku ganeh,A Christian cleric and his wife have been abducted in Kaduna,God forbid. But you 'K' understand
133,An sace wani malamin addinin kirista da matarsa a Kaduna Æ˜aarin bayani,ALLAH ya kubutar dadu chikin amin cinsa,A Christian cleric and his wife have been abducted in Kaduna,GOD saves them
134,An sace wani malamin addinin kirista da matarsa a Kaduna Æ˜aarin bayani,Mai yasa ba aku dena wahalar da masu karatu ba. Why not Fasto (pastor) instead of Malamai Addinin Kirista.,A Christian cleric and his wife have been abducted in Kaduna,Why not stop the suffering of the readers. Why not Pastor instead of Christian Teachers.
136,An sace wani malamin addinin kirista da matarsa a Kaduna Æ˜aarin bayani,,A Christian cleric and his wife have been abducted in Kaduna,in
137,An sace wani malamin addinin kirista da matarsa a Kaduna Æ˜aarin bayani,"Tofa allah y kiyaye y bayyana shi d sauran jamaa baki daya,",A Christian cleric and his wife have been abducted in Kaduna,"May God protect him and reveal him to all the people,"
138,An sace wani malamin addinin kirista da matarsa a Kaduna Æ˜aarin bayani,"To, Allah ya kawo Mana saukin wanna lamari.",A Christian cleric and his wife have been abducted in Kaduna,God has made it easy for us.
139,An sace wani malamin addinin kirista da matarsa a Kaduna Æ˜aarin bayani,Ya kamata a wanan lokachi na hidiman christmas gwamnati ta yi kokari ta tsare malaman christocâ€¦,A Christian cleric and his wife have been abducted in Kaduna,At this time of Christmas service the government should try to detain christoc teachers.
140,An sace wani malamin addinin kirista da matarsa a Kaduna Æ˜aarin bayani,wai me matsalan Herdsmen dinnan oho,A Christian cleric and his wife have been abducted in Kaduna,What is the problem with Herdsmen today?
141,An sace wani malamin addinin kirista da matarsa a Kaduna Æ˜aarin bayani,Toh Allah ya bayyanasu yakuma shiga tsakanin nagari da mugu.,A Christian cleric and his wife have been abducted in Kaduna,God has revealed them and intervened between good and evil.
142,An sace wani malamin addinin kirista da matarsa a Kaduna Æ˜aarin bayani,Allah kakawomuna saukin wan nan Abu,A Christian cleric and his wife have been abducted in Kaduna,May Allah make this matter easy for us
143,Burtaniya ta nesanta kanta daga zargin Gowon da wawushe Baitul-malin Najeriya,Hmmm,The United Kingdom has distanced itself from Gowon's allegations of embezzlement,Hmmm
144,Burtaniya ta nesanta kanta daga zargin Gowon da wawushe Baitul-malin Najeriya,Ya kamata mu farka da bacci tun muke yiba gwanda su gowon ba,The United Kingdom has distanced itself from Gowon's allegations of embezzlement,We should wake up before we eat papaya
145,Burtaniya ta nesanta kanta daga zargin Gowon da wawushe Baitul-malin Najeriya,"Sunji tsoro kenan, to shi dan majalisan daya fadi haka shima saiya tuba kenan ko",The United Kingdom has distanced itself from Gowon's allegations of embezzlement,"They are scared, so the member of parliament who said that should repent as well"
146,Burtaniya ta nesanta kanta daga zargin Gowon da wawushe Baitul-malin Najeriya,You ai dama maganar banzace amma idan ana neman waÉ—anda wawushe lalitan Najeriya ai duk mun sansu abin ba'a É“oye yake ba.,The United Kingdom has distanced itself from Gowon's allegations of embezzlement,"You are talking nonsense but if you are looking for those who have robbed Nigeria, we all know that it is not a secret."
147,Burtaniya ta nesanta kanta daga zargin Gowon da wawushe Baitul-malin Najeriya,Shegu munafukai.,The United Kingdom has distanced itself from Gowon's allegations of embezzlement,Shegu munafukai.
148,Burtaniya ta nesanta kanta daga zargin Gowon da wawushe Baitul-malin Najeriya,Sai me suka yi wa parliamentarian?,The United Kingdom has distanced itself from Gowon's allegations of embezzlement,So what did they do to the parliamentarian?
149,AÆ™alla mutum sun mutu sakamakon kifewar jirgin ruwa a Bahar Rum Æ˜arin bayani,"Innalillahi wa'inna ilaihi raji'un, Allah ya kyauta gaba, amma abu bai yi daÉ—iba, ina mai miÆ™a saÆ™on ta'aâ€¦",At least one person has died as a result of a shipwreck in the Mediterranean,"God bless you, God bless you, God bless you, God bless you, God bless you, God bless you, God bless you, God bless you."
150,AÆ™alla mutum sun mutu sakamakon kifewar jirgin ruwa a Bahar Rum Æ˜arin bayani,Kifewar da jirgin ruwa yayi a kasar BAHAR muna musu Adu'ar Allah yaji kan wadanda suka rasa ransu.,At least one person has died as a result of a shipwreck in the Mediterranean,Boat capsize in BAHAR We pray for those who lost their lives.
151,'Yan bindiga sun sace mai jego a Jihar Jigawa Æ˜arin bayani:,Subahanallah,Gunmen abduct mother in Jigawa State,Subahanallah
152,'Yan bindiga sun sace mai jego a Jihar Jigawa Æ˜arin bayani:,Kash,Gunmen abduct mother in Jigawa State,Kash
153,'Yan bindiga sun sace mai jego a Jihar Jigawa Æ˜arin bayani:,Ifb,Gunmen abduct mother in Jigawa State,Ifb
154,'Yan bindiga sun sace mai jego a Jihar Jigawa Æ˜arin bayani:,Allah tsine masu albarka suda masu saka su,Gunmen abduct mother in Jigawa State,God curses those who bless them
155,'Yan bindiga sun sace mai jego a Jihar Jigawa Æ˜arin bayani:,Allah ya kiyaye mu,Gunmen abduct mother in Jigawa State,God bless us
156,'Yan bindiga sun sace mai jego a Jihar Jigawa Æ˜arin bayani:,Innalillahi wa'inna ilaihi raju'un Alh Basiru Allah ya kiyaye ya baiyana maka matarka ya kiyaye gaba,Gunmen abduct mother in Jigawa State,May Allah protect your wife and keep you safe
157,'Yan bindiga sun sace mai jego a Jihar Jigawa Æ˜arin bayani:,Kwal ubaaa,Gunmen abduct mother in Jigawa State,Kwal ubaaa
158,'Yan bindiga sun sace mai jego a Jihar Jigawa Æ˜arin bayani:,"Kai wannan zamani Allah k kara karemu, waisu wannan yan bindigan bazaa basu aiki bane ahuta dajin wannan tashin hankali",Gunmen abduct mother in Jigawa State,"In this day and age, may God protect us, these gunmen are not working to calm down this forest"
159,'Yan bindiga sun sace mai jego a Jihar Jigawa Æ˜arin bayani:,Allah ya tsare ta ya bayyana ta,Gunmen abduct mother in Jigawa State,God protects her and reveals her
160,'Yan bindiga sun sace mai jego a Jihar Jigawa Æ˜arin bayani:,Allah yakubutar da ita,Gunmen abduct mother in Jigawa State,God forbid
161,'Yan bindiga sun sace mai jego a Jihar Jigawa Æ˜arin bayani:,Kaji wata bura uba,Gunmen abduct mother in Jigawa State,Chickens are a father figure
162,'Yan bindiga sun sace mai jego a Jihar Jigawa Æ˜arin bayani:,Allah ya bayyana ta.,Gunmen abduct mother in Jigawa State,God has revealed it.
163,'Yan bindiga sun sace mai jego a Jihar Jigawa Æ˜arin bayani:,Innalillahi wa'inna ilaihi raji'un,Gunmen abduct mother in Jigawa State,"God, and to Him we will return"
164,'Yan bindiga sun sace mai jego a Jihar Jigawa Æ˜arin bayani:,"Allah ya bayyana ta, su Kuma Allah yayi Mana maganin su",Gunmen abduct mother in Jigawa State,"God has revealed it to them, and God will cure them"
165,'Yan bindiga sun sace mai jego a Jihar Jigawa Æ˜arin bayani:,"Innalillahi wa inna ilaihirraji,un",Gunmen abduct mother in Jigawa State,"God and I am embarrassed, that"
166,'Yan bindiga sun sace mai jego a Jihar Jigawa Æ˜arin bayani:,Allah ya kiyaye bih ja'i sayyadul anam,Gunmen abduct mother in Jigawa State,May God protect you
167,'Yan bindiga sun sace mai jego a Jihar Jigawa Æ˜arin bayani:,Hasbunallah.!!!,Gunmen abduct mother in Jigawa State,Hasbunallah. !!!
168,'Yan bindiga sun sace mai jego a Jihar Jigawa Æ˜arin bayani:,Wannan Musiba ina zarpta kaimu ? Allah tsare mu.,Gunmen abduct mother in Jigawa State,Is this calamity affecting us? God protect us.
169,'Yan bindiga sun sace mai jego a Jihar Jigawa Æ˜arin bayani:,Subhanallah babu ma dadin ji baiwar Allah ga wahalhalun haihu ga wannan kaddarar shuwagabanninmu kuji tsoâ€¦,Gunmen abduct mother in Jigawa State,"Subhanallah, I am not happy to hear about God's gift of childbirth to this destiny of our leaders."
170,'Yan bindiga sun sace mai jego a Jihar Jigawa Æ˜arin bayani:,"Allah shi kyauta, gaskiya bansam ma me gwamnatoci keyi ba. Ya zaayi ana tatuke dan abin da mutum ya taraâ€¦",Gunmen abduct mother in Jigawa State,"God is free, I don't even know what governments are doing. It's going to be a bit of a chore mutum"
171,'Yan bindiga sun sace mai jego a Jihar Jigawa Æ˜arin bayani:,Amma abun tambayan anan shene da jaririn Suka sace ta ko ita daya Suka sace,Gunmen abduct mother in Jigawa State,But the question is whether the baby was abducted or not
172,'Yan bindiga sun sace mai jego a Jihar Jigawa Æ˜arin bayani:,kutumar uba Wlh ta karewa yan bindiga innan,Gunmen abduct mother in Jigawa State,Wlh's father's body protected the gunmen innan
173,'Yan bindiga sun sace mai jego a Jihar Jigawa Æ˜arin bayani:,Allah ya bayyanata a duk inda take cikin koshin lfy,Gunmen abduct mother in Jigawa State,God reveals me wherever she is in the lfy coffin
174,'Yan bindiga sun sace mai jego a Jihar Jigawa Æ˜arin bayani:,"Innalillahi wa'inna ilaihi raji'un, ya Allah ya kubutar da ita cikin aminci, domin darajar Mustapha Rasulillahi. S.A.W",Gunmen abduct mother in Jigawa State,"May God save her in safety, for the sake of Mustapha Rasulillahi. S.A.W."
175,'Yan bindiga sun sace mai jego a Jihar Jigawa Æ˜arin bayani:,Him abin kunya,Gunmen abduct mother in Jigawa State,It's a shame
176,'Yan bindiga sun sace mai jego a Jihar Jigawa Æ˜arin bayani:,To mudae gamu ga Allah barawo ahannun...?,Gunmen abduct mother in Jigawa State,How long have we met God in the hands of a thief ...?
177,'Yan bindiga sun sace mai jego a Jihar Jigawa Æ˜arin bayani:,Kaji hauka,Gunmen abduct mother in Jigawa State,Crazy chickens
178,'Yan bindiga sun sace mai jego a Jihar Jigawa Æ˜arin bayani:,Allah kakubutar daita lafiya,Gunmen abduct mother in Jigawa State,God bless you and keep you safe
179,'Yan bindiga sun sace mai jego a Jihar Jigawa Æ˜arin bayani:,"Wanan abun yafi karfin hukuma kuma muma yafi karfun mu, addu'a ita kadai ce zata mana maganin wanan abunâ€¦",Gunmen abduct mother in Jigawa State,"This is beyond the control of the government and beyond our control, only prayer can solve this problemâ€¦"
180,'Yan bindiga sun sace mai jego a Jihar Jigawa Æ˜arin bayani:,Ya ilahiâ€ï¸,Gunmen abduct mother in Jigawa State,Ya ilahiâ€ï¸
181,'Yan bindiga sun sace mai jego a Jihar Jigawa Æ˜arin bayani:,Allah ya kyauta,Gunmen abduct mother in Jigawa State,God is gracious
182,'Yan bindiga sun sace mai jego a Jihar Jigawa Æ˜arin bayani:,"Allah ya tsare,an rasa jagorori na gsky jajirtattu a kasar nan,wlh yan Nigeria bamuyi saar shugabanni b",Gunmen abduct mother in Jigawa State,"God forbid, there are no brave leaders in this country, Nigerians do not want leaders"
183,'Yan bindiga sun sace mai jego a Jihar Jigawa Æ˜arin bayani:,Allah kayi muna maganin su.,Gunmen abduct mother in Jigawa State,God forbid we treat them.
184,'Yan bindiga sun sace mai jego a Jihar Jigawa Æ˜arin bayani:,Sai mai Gaskiya,Gunmen abduct mother in Jigawa State,So honest
185,'Yan bindiga sun sace mai jego a Jihar Jigawa Æ˜arin bayani:,To Abun yakoma kan Masu jego,Gunmen abduct mother in Jigawa State,So it comes down to the jokers
186,'Yan bindiga sun sace mai jego a Jihar Jigawa Æ˜arin bayani:,Wato jigawa da kano su ka sa wa ido yanzu kuma?.Ya Allah ka tsare mu da ga wanan masifan.,Gunmen abduct mother in Jigawa State,Are Jigawa and Kano watching now? God protect us from this tragedy.
187,'Yan bindiga sun sace mai jego a Jihar Jigawa Æ˜arin bayani:,"Subhanallah. Ya Allah Ya Rabbi, Allah ka kawo mamu karshen wannan fitina. Allah mun tuba ba don halinmu ba.",Gunmen abduct mother in Jigawa State,"Subhanallah. O God, Rabbi, bring an end to this persecution. God we repent not of our conduct."
188,'Yan bindiga sun sace mai jego a Jihar Jigawa Æ˜arin bayani:,Ya Subhanallah,Gunmen abduct mother in Jigawa State,Ya Subhanallah
189,'Yan bindiga sun sace mai jego a Jihar Jigawa Æ˜arin bayani:,O Allah,Gunmen abduct mother in Jigawa State,A God
190,'Yan bindiga sun sace mai jego a Jihar Jigawa Æ˜arin bayani:,Mai jego kuma,Gunmen abduct mother in Jigawa State,Mai his kuma
191,'Yan bindiga sun sace mai jego a Jihar Jigawa Æ˜arin bayani:,Allah shi kyauta amma kasan nan ta lalace,Gunmen abduct mother in Jigawa State,God is free but the earth is ruined
192,'Yan bindiga sun sace mai jego a Jihar Jigawa Æ˜arin bayani:,Allah ya kyauta,Gunmen abduct mother in Jigawa State,God is gracious
193,'Yan bindiga sun sace mai jego a Jihar Jigawa Æ˜arin bayani:,Amma ina jaririn ???,Gunmen abduct mother in Jigawa State,But where is the baby ???
194,'Yan bindiga sun sace mai jego a Jihar Jigawa Æ˜arin bayani:,hmmmm Allah ya kyauta dai,Gunmen abduct mother in Jigawa State,hmmmm God willing
195,'Yan bindiga sun sace mai jego a Jihar Jigawa Æ˜arin bayani:,Allah y kiyaye,Gunmen abduct mother in Jigawa State,God forbid
196,'Yan bindiga sun sace mai jego a Jihar Jigawa Æ˜arin bayani:,Wata sabuwa kuma ğŸ¤¦ğŸ¤¦,Gunmen abduct mother in Jigawa State,Another new oneğŸ¤¦ğŸ¤¦
197,'Yan bindiga sun sace mai jego a Jihar Jigawa Æ˜arin bayani:,Allah ya kauta,Gunmen abduct mother in Jigawa State,"God, Kuta"
198,'Yan bindiga sun sace mai jego a Jihar Jigawa Æ˜arin bayani:,Allah ya bayyana ta,Gunmen abduct mother in Jigawa State,God has revealed it
33,â€¦,â€¦,â€¦,â€¦
45,Kai duk duniyrnan surasa inda xasuje neman taimako sai gidan mijinsu,Toh mijin suwaye kuma,You go to all the worlds where they have to seek help except their husband's house,Toh husband suwaye again
47,Wani dan kwallon kafane yatofama wani baki yawu afuska tsabagen yasmu gurii,Ahaps tsakaninsu ne,A footballer with a black eye on a broken yasmu gurii,Ahaps is between them
61,Eh mana amarya idan tazo zata hada Ango kuma uwar gida abun saiya burgeta,Hmmm to ai sai ka koya mata yanda ake idan dai daman bada niyyan kara auren kake ba,"Yes, the bride has to look her best during this time, because of posterity more than anything else","Hmmm, then you should teach her how to do it as long as you do not intend to remarry"
81,"Baza a fimu kudi, kuma afimu jin dadi ba. In akaci kaza, mukuma se muci Tsire. Dukkan su de sunansu nama. ï¸","Kowa yafika chin nama, kai kuma ka fishi chin gyada kafishi mai dan nema","We will not spend money, and we will not enjoy life. If you eat chicken, you will not eat vegetables. They are all called meat. ï¸","Everyone eats more meat, and you eat more peanut butter"
82,"Baza a fimu kudi, kuma afimu jin dadi ba. In akaci kaza, mukuma se muci Tsire. Dukkan su de sunansu nama. ï¸",Tsiren ma seyafi kaiwa,"We will not spend money, and we will not enjoy life. If you eat chicken, you will not eat vegetables. They are all called meat. ï¸",Tsiren ma seyafi kai
84,"Baza a fimu kudi, kuma afimu jin dadi ba. In akaci kaza, mukuma se muci Tsire. Dukkan su de sunansu nama. ï¸",Hakana danfaari,"We will not spend money, and we will not enjoy life. If you eat chicken, you will not eat vegetables. They are all called meat. ï¸",There is a fragile
85,"Baza a fimu kudi, kuma afimu jin dadi ba. In akaci kaza, mukuma se muci Tsire. Dukkan su de sunansu nama. ï¸",Idan anfimu cin kilishi zamu fi mutum cin YALO,"We will not spend money, and we will not enjoy life. If you eat chicken, you will not eat vegetables. They are all called meat. ï¸","If we eat more carbs, we will eat more YALO"
86,"Baza a fimu kudi, kuma afimu jin dadi ba. In akaci kaza, mukuma se muci Tsire. Dukkan su de sunansu nama. ï¸","Waye ma ya isa,,,, nama dai ai nama neh","We will not spend money, and we will not enjoy life. If you eat chicken, you will not eat vegetables. They are all called meat. ï¸","Who is enough ,,,, meat is ai meat neh"
87,"Baza a fimu kudi, kuma afimu jin dadi ba. In akaci kaza, mukuma se muci Tsire. Dukkan su de sunansu nama. ï¸",Ko muchi Fara ba,"We will not spend money, and we will not enjoy life. If you eat chicken, you will not eat vegetables. They are all called meat. ï¸",Ko muchi Start
88,"Baza a fimu kudi, kuma afimu jin dadi ba. In akaci kaza, mukuma se muci Tsire. Dukkan su de sunansu nama. ï¸",ğŸ¤©ğŸ¤©ğŸ¤©,"We will not spend money, and we will not enjoy life. If you eat chicken, you will not eat vegetables. They are all called meat. ï¸",ğŸ¤©ğŸ¤©ğŸ¤©
89,"Baza a fimu kudi, kuma afimu jin dadi ba. In akaci kaza, mukuma se muci Tsire. Dukkan su de sunansu nama. ï¸",Haka yake,"We will not spend money, and we will not enjoy life. If you eat chicken, you will not eat vegetables. They are all called meat. ï¸",That's right
90,"Baza a fimu kudi, kuma afimu jin dadi ba. In akaci kaza, mukuma se muci Tsire. Dukkan su de sunansu nama. ï¸","Hahhhhhhh,,,,,, gaskiya ne,,,,,, Anman fah in aka fika kudi koh yaya ne se an fikajin dadi","We will not spend money, and we will not enjoy life. If you eat chicken, you will not eat vegetables. They are all called meat. ï¸","Hahhhhhhh ,,,,,, it's true ,,,,,,"
91,"Baza a fimu kudi, kuma afimu jin dadi ba. In akaci kaza, mukuma se muci Tsire. Dukkan su de sunansu nama. ï¸",In kuka chi tsire mu kuma muchi gyada amaro sae mu hadu gurin shan ruwa,"We will not spend money, and we will not enjoy life. If you eat chicken, you will not eat vegetables. They are all called meat. ï¸",If you eat our plants and eat peanut butter then we will meet for a drink
92,"Baza a fimu kudi, kuma afimu jin dadi ba. In akaci kaza, mukuma se muci Tsire. Dukkan su de sunansu nama. ï¸",Hhhh kuma tsirenma yafi dadi ai,"We will not spend money, and we will not enjoy life. If you eat chicken, you will not eat vegetables. They are all called meat. ï¸",Hhhh and my plants are much sweeter
94,"Baza a fimu kudi, kuma afimu jin dadi ba. In akaci kaza, mukuma se muci Tsire. Dukkan su de sunansu nama. ï¸",Wlh kuwa,"We will not spend money, and we will not enjoy life. If you eat chicken, you will not eat vegetables. They are all called meat. ï¸",And he has power
95,"Baza a fimu kudi, kuma afimu jin dadi ba. In akaci kaza, mukuma se muci Tsire. Dukkan su de sunansu nama. ï¸",Ko fara ba,"We will not spend money, and we will not enjoy life. If you eat chicken, you will not eat vegetables. They are all called meat. ï¸",Or not
97,Yanzu-yanzu: Gwamnatin Kano ta rufe kamfanonin roba saboda karya dokar tsaftar muhalli,Toh tarace kawai Akebuka ta bako maiba,Immediate: Kano state government shuts down rubber companies for violating sanitation laws,Toh tarace kawai Akebuka ta bako maiba
98,Yanzu-yanzu: Gwamnatin Kano ta rufe kamfanonin roba saboda karya dokar tsaftar muhalli,To Allah ya sauwakee,Immediate: Kano state government shuts down rubber companies for violating sanitation laws,God has made it easy
99,Yanzu-yanzu: Gwamnatin Kano ta rufe kamfanonin roba saboda karya dokar tsaftar muhalli,Hmmm Nigeria Kasar Mu ta Gado Daga Tijjani mai doya na siyama Dorayi Karshen waya Kano Nigeria,Immediate: Kano state government shuts down rubber companies for violating sanitation laws,Hmmm Nigeria Our Country Inherited From Tijjani doya na siyama Dorayi End of Phone Kano Nigeria
100,Yanzu-yanzu: Gwamnatin Kano ta rufe kamfanonin roba saboda karya dokar tsaftar muhalli,Basa kawo return da'alama,Immediate: Kano state government shuts down rubber companies for violating sanitation laws,They do not return the call
101,Yanzu-yanzu: Gwamnatin Kano ta rufe kamfanonin roba saboda karya dokar tsaftar muhalli,Yau dokar bata aiki ai ko hutun gwamnatin tarayya banda mu ?,Immediate: Kano state government shuts down rubber companies for violating sanitation laws,Is the law valid today or is it a federal government holiday other than ours?
103,Yanzu-yanzu: Æ³an bindiga sun sako attajirin da suka sace a Kano,Tohm yy hk ake so,Immediate: Gunmen release rich man abducted in Kano,Tohm yy hk ake so
104,Yanzu-yanzu: Æ³an bindiga sun sako attajirin da suka sace a Kano,Allah yaqara tsaremu daga sharrinsu,Immediate: Gunmen release rich man abducted in Kano,May Allah protect us from their evil
